Organization,Followed On
Möbelmässan Göteborg,Thu Sep 04 07:01:11 UTC 2025
PwC Sverige,Sun Aug 31 11:01:00 UTC 2025
Grön Infra Sverige AB,Fri Aug 22 18:52:04 UTC 2025
EarSwitch,Tue Aug 19 19:02:42 UTC 2025
Eksjöhus Modulbygg,Mon Aug 04 11:16:20 UTC 2025
Centric Sweden,Tue Jul 29 16:19:40 UTC 2025
Interior Cluster Sweden,Tue Jul 01 17:44:42 UTC 2025
Aspia,Sun Jun 29 18:06:21 UTC 2025
Materia AB,Wed May 14 19:51:47 UTC 2025
VEM - Chefsrekrytering och Interim Management,Fri May 09 12:14:07 UTC 2025
MOVS®,Fri May 09 03:52:05 UTC 2025
Fortifikationsverket,Wed Apr 30 18:37:18 UTC 2025
Ekobrottsmyndigheten,Fri Mar 21 11:08:53 UTC 2025
AI Sweden,Wed Mar 19 11:56:03 UTC 2025
LumenRadio,Tue Mar 18 11:10:38 UTC 2025
LEDVANCE,Thu Mar 13 10:46:20 UTC 2025
STUDIO7.,Sat Mar 01 14:18:56 UTC 2025
Assento Search & Selection,Fri Feb 28 16:06:02 UTC 2025
Light by Sweden,Wed Jan 29 18:48:39 UTC 2025
Airpelago,Wed Jan 29 14:46:39 UTC 2025
Region Jönköpings län,Fri Jan 24 16:19:12 UTC 2025
Svensk Ljusdesigner,Sat Jan 18 19:41:02 UTC 2025
REKYL,Thu Jan 09 19:52:25 UTC 2025
Canyon Bicycles Scandinavia,Wed Jan 08 17:54:20 UTC 2025
JP Infonet AB,Tue Dec 31 20:11:46 UTC 2024
Voky,Thu Dec 19 19:37:14 UTC 2024
Svenska Belysningssällskapet,Fri Nov 29 13:49:34 UTC 2024
Customer Relationship Management (CRM),Wed Nov 13 15:22:02 UTC 2024
Union Cycliste Internationale,Tue Nov 05 09:00:44 UTC 2024
Workboat365.com,Mon Nov 04 07:20:42 UTC 2024
Elcykelvaruhuset,Thu Oct 31 19:46:10 UTC 2024
Insatt AB - Din bolagsjurist,Wed Oct 23 14:35:28 UTC 2024
Destination Jönköping,Mon Oct 21 12:02:11 UTC 2024
Mooseville Performance,Thu Sep 26 12:08:10 UTC 2024
Cost Check,Fri Sep 20 13:58:02 UTC 2024
Tenders Sverige AB,Fri Sep 20 09:16:19 UTC 2024
Saab,Thu Sep 12 11:30:14 UTC 2024
G–W Studios,Mon Sep 09 19:50:52 UTC 2024
Upphandling24,Fri Sep 06 14:17:56 UTC 2024
Addpeople,Wed Aug 28 10:53:39 UTC 2024
Gräsmiljö Sverige AB,Mon Jul 29 14:34:20 UTC 2024
GT Bicycles,Thu Jun 27 06:40:25 UTC 2024
Sales Process,Tue Jun 25 17:06:21 UTC 2024
Customer Insight,Tue Jun 25 17:05:17 UTC 2024
Engineering Design,Tue Jun 25 17:04:42 UTC 2024
Lead Generation,Tue Jun 25 17:03:54 UTC 2024
Strategic Thinking,Tue Jun 25 17:03:14 UTC 2024
Direct Sales,Tue Jun 25 17:02:52 UTC 2024
Online Marketing,Tue Jun 25 17:01:19 UTC 2024
Fundraising,Tue Jun 25 17:00:49 UTC 2024
NEXT VENTŪRES,Thu May 30 08:30:56 UTC 2024
Tomorrow.Mobility,Thu May 30 07:34:42 UTC 2024
EIT Urban Mobility,Thu May 30 07:34:14 UTC 2024
Statens fastighetsverk,Fri May 17 06:30:37 UTC 2024
HiQ,Thu May 09 10:56:42 UTC 2024
Bidma,Tue Apr 30 13:48:59 UTC 2024
Prokur Sverige AB,Wed Apr 24 15:05:57 UTC 2024
EFFSO,Tue Apr 23 21:15:20 UTC 2024
Peak Procurement,Tue Apr 23 21:15:12 UTC 2024
Styrelseakademien,Sun Apr 21 19:14:48 UTC 2024
Cyklistforbundet,Tue Apr 16 11:38:03 UTC 2024
Adecco,Thu Apr 11 19:27:18 UTC 2024
Architecture,Thu Apr 11 19:26:21 UTC 2024
Bid Writing,Thu Apr 11 19:20:58 UTC 2024
SPORTSTEX (TEXmarket srl - Cottontex srl),Thu Apr 04 06:49:44 UTC 2024
Vitec Fastighet,Thu Mar 28 12:24:16 UTC 2024
X-line,Fri Mar 22 17:38:30 UTC 2024
Ecenea ,Tue Mar 19 07:52:36 UTC 2024
Transab,Thu Mar 14 14:05:34 UTC 2024
PublicInsight,Thu Mar 07 21:05:22 UTC 2024
Dedicare AB,Thu Feb 22 16:08:49 UTC 2024
Bemoov Bikes,Tue Feb 20 16:38:36 UTC 2024
Zeekr International,Wed Feb 14 12:02:30 UTC 2024
ZEEKR极氪,Wed Feb 14 12:02:07 UTC 2024
GEELY,Wed Feb 14 12:02:02 UTC 2024
Zeekr Technology Europe,Wed Feb 14 12:02:02 UTC 2024
Zeekr Europe,Wed Feb 14 12:01:01 UTC 2024
SAPA,Mon Dec 18 15:26:26 UTC 2023
Impact Loop 🇸🇪,Wed Dec 13 15:36:08 UTC 2023
IAM by Idha AB,Wed Dec 13 12:40:17 UTC 2023
Rättvist byggande,Tue Dec 12 22:15:10 UTC 2023
OpenAI,Sat Dec 09 01:42:56 UTC 2023
Ocean Infinity,Tue Sep 26 15:08:45 UTC 2023
Lutron Europe,Sun Aug 27 19:29:28 UTC 2023
Beyond the Peloton Podcast & Newsletter,Mon Jul 17 11:15:41 UTC 2023
Cykelfrämjandet,Wed Jul 12 02:49:27 UTC 2023
Byggbolaget i Vetlanda,Thu Jun 29 20:10:56 UTC 2023
Byggnads AB Axel Andersson & Son,Thu Jun 29 20:10:52 UTC 2023
Magicshine,Wed Jun 28 14:44:17 UTC 2023
Ekströms Trä,Thu Jun 22 06:23:25 UTC 2023
ITAB Sweden,Tue Jun 13 07:20:53 UTC 2023
Inköpsdesign,Mon Jun 05 09:08:14 UTC 2023
Inköpsrådet,Mon Jun 05 09:07:57 UTC 2023
Circular transition at RISE,Thu May 11 20:07:00 UTC 2023
Vätterhem,Thu May 11 19:12:39 UTC 2023
MSB (Myndigheten för samhällsskydd och beredskap),Tue Apr 25 18:22:30 UTC 2023
IT Software,Tue Apr 25 12:03:10 UTC 2023
Roam Research,Wed Apr 05 15:03:39 UTC 2023
Vinning,Wed Feb 08 19:39:44 UTC 2023
Vinnova,Tue Jan 17 17:27:11 UTC 2023
Clean Energy Sweden AB,Thu Nov 17 20:06:31 UTC 2022
AVZEL.LIFE AB,Fri Nov 11 17:19:18 UTC 2022
Mörby Design AB,Mon Oct 31 19:46:09 UTC 2022
Kammarkollegiet,Fri Oct 28 15:06:15 UTC 2022
Law:box,Wed Oct 26 07:11:46 UTC 2022
Fristads Cyclocross Weekend,Tue Oct 18 16:27:04 UTC 2022
SWE Cycling Para,Thu Oct 06 10:46:51 UTC 2022
Mötesplats Offentliga Affärer,Mon Sep 12 15:58:42 UTC 2022
SkrotSmart,Sun Aug 14 20:28:42 UTC 2022
CHPT3,Wed Jul 20 14:34:45 UTC 2022
Placebrander,Wed Jul 13 10:47:58 UTC 2022
MilDef,Thu Jul 07 11:39:20 UTC 2022
SmartTech Energy ,Thu Jun 16 19:58:49 UTC 2022
JIRICOM AB,Fri May 27 09:20:16 UTC 2022
Tudor Watch,Sun May 01 20:09:42 UTC 2022
Campus Åre,Sun May 01 18:51:55 UTC 2022
Creativa,Fri Apr 29 15:45:37 UTC 2022
Träcentrum,Sun Mar 13 14:55:08 UTC 2022
Bioracer,Wed Mar 02 19:53:31 UTC 2022
Go4Cycling,Wed Mar 02 19:53:01 UTC 2022
Smålands Turism,Tue Feb 08 09:18:03 UTC 2022
Norlux,Mon Feb 07 07:56:41 UTC 2022
Private Ski Instructor,Sat Feb 05 09:47:11 UTC 2022
Bambuser,Fri Feb 04 08:18:51 UTC 2022
Ulfsdotter Law,Wed Feb 02 09:48:14 UTC 2022
ID06 AB,Thu Jan 13 16:21:00 UTC 2022
Clira,Thu Jan 13 12:07:08 UTC 2022
Fairtrade Sverige,Mon Jan 10 08:58:52 UTC 2022
Urban Cycling Institute,Tue Jan 04 07:33:29 UTC 2022
Notion,Wed Dec 29 09:26:47 UTC 2021
BiotechBikers,Tue Dec 21 21:28:30 UTC 2021
Team Novo Nordisk,Tue Dec 21 12:32:49 UTC 2021
Black Sheep Performance Apparel,Tue Dec 21 07:42:31 UTC 2021
Supersapiens,Tue Dec 21 05:41:34 UTC 2021
Exxentric®,Sat Nov 27 14:45:34 UTC 2021
MARDAM AB,Fri Nov 19 14:42:34 UTC 2021
Anbudspriset,Thu Nov 18 15:27:34 UTC 2021
Orange Cyberdefense,Wed Nov 17 14:58:16 UTC 2021
AndCare,Wed Nov 10 20:38:56 UTC 2021
Flexator,Wed Nov 10 11:44:05 UTC 2021
Eriksson & Lönn Bygg AB,Mon Nov 08 17:20:41 UTC 2021
Svea Solar,Wed Oct 27 13:30:38 UTC 2021
Candela,Wed Oct 27 13:25:11 UTC 2021
Bayer Sverige,Mon Oct 25 21:49:31 UTC 2021
Miro,Mon Oct 25 13:07:39 UTC 2021
Lantmäteriet,Sun Oct 17 15:39:00 UTC 2021
MIOO,Fri Oct 08 06:04:42 UTC 2021
Sweden by Bike,Sun Oct 03 12:20:30 UTC 2021
AG Insurance - Soudal Pro Cycling Team,Thu Sep 30 08:34:11 UTC 2021
Flokk,Tue Sep 28 14:32:41 UTC 2021
CTEK E-Mobility,Fri Sep 24 13:51:28 UTC 2021
Tendium,Mon Sep 20 19:33:03 UTC 2021
Svenska Cykelstäder,Wed Sep 01 14:25:06 UTC 2021
Jönköping University,Mon Aug 30 12:01:00 UTC 2021
Aunetic Group,Wed Aug 25 18:31:38 UTC 2021
Atkins,Tue Aug 24 08:48:30 UTC 2021
Deloitte,Fri Aug 20 14:52:03 UTC 2021
Studiotech,Thu Aug 12 08:32:07 UTC 2021
Sport Competence Sweden AB,Wed Aug 11 19:35:25 UTC 2021
Light Collective,Thu Aug 05 19:39:26 UTC 2021
Snösport Intressenter,Mon Aug 02 19:47:55 UTC 2021
Sogeti,Mon Aug 02 17:46:17 UTC 2021
Shimano Europe Group,Wed Jul 28 06:18:12 UTC 2021
Colnago,Wed Jul 28 06:18:05 UTC 2021
Cannondale Europe,Wed Jul 28 06:18:02 UTC 2021
LOOK Cycle,Mon Apr 24 07:17:11 UTC 2023
Cycling Industry News,Wed Jul 28 06:17:52 UTC 2021
City Mountainbike,Mon Jul 19 05:30:45 UTC 2021
Zwift,Thu Jul 01 12:14:21 UTC 2021
Zumtobel Group Services,Fri Jun 18 05:30:41 UTC 2021
Belysningsbranschen,Fri Jun 18 04:51:45 UTC 2021
Thorn Lighting,Tue Jun 01 03:51:37 UTC 2021
AndMurals AB,Mon May 24 17:48:34 UTC 2021
Zumtobel Group,Sun May 16 11:27:46 UTC 2021
Solita,Thu Apr 29 11:25:04 UTC 2021
Solita Sweden,Thu Apr 29 11:23:28 UTC 2021
ÖRSJÖ BELYSNING AB,Fri May 09 18:30:21 UTC 2025
Voky,Wed Apr 28 10:31:47 UTC 2021
WiTTRA Networks AB,Wed Apr 28 09:56:46 UTC 2021
EasyPark,Tue Apr 27 13:44:56 UTC 2021
Biosite Systems Ltd,Fri Apr 16 05:46:31 UTC 2021
Entreprenad,Thu Apr 15 10:14:39 UTC 2021
Areff,Thu Apr 15 06:45:34 UTC 2021
Åre Skidlärarlinje,Tue Apr 06 15:00:23 UTC 2021
The Soufan Group (TSG),Tue Feb 02 21:28:28 UTC 2021
Sveriges riksdag,Thu Jan 28 10:22:40 UTC 2021
Byggindustrin,Wed Jan 20 14:24:15 UTC 2021
Byggföretagen,Thu Jul 28 04:23:38 UTC 2022
Industrilas,Thu Dec 10 13:45:41 UTC 2020
Castra,Wed Nov 11 20:41:57 UTC 2020
World Economic Forum,Mon Sep 07 01:56:15 UTC 2020
IHM Business School,Sat Oct 15 20:33:25 UTC 2022
Moxy ID,Tue Sep 01 19:36:28 UTC 2020
Handelskammaren Jönköpings län,Thu Jul 16 09:02:03 UTC 2020
Nevotex Group,Tue Nov 30 16:18:40 UTC 2021
Frog Bikes,Fri Dec 04 13:42:11 UTC 2020
Vox Hotel,Fri Mar 20 13:56:28 UTC 2020
CAKE – ridecake.com,Mon Feb 17 09:58:07 UTC 2020
Adda,Fri Apr 05 10:06:54 UTC 2024
Sveriges Kommuner och Regioner,Mon Feb 03 10:41:10 UTC 2020
Konkurrensverket,Mon Feb 03 10:41:05 UTC 2020
Upphandlingsmyndigheten,Mon Feb 03 10:41:02 UTC 2020
ITW Construction Products – Sverige ,Sun Dec 15 09:06:58 UTC 2019
Consid,Sun Aug 18 07:09:16 UTC 2019
Thyr Industrier,Mon Jan 07 10:04:05 UTC 2019
Innovationsledarna,Thu Oct 18 20:07:41 UTC 2018
AndPeople AB,Thu Oct 04 15:17:54 UTC 2018
TechCrunch,Tue May 15 18:28:39 UTC 2018
Aktivitus,Thu May 30 19:09:07 UTC 2024
Next State Labs,Mon Jul 03 16:02:53 UTC 2017
Fluido,Thu May 18 12:46:10 UTC 2017
"Lighting Design, School of Engineering, Jönköping University",Mon Feb 13 22:18:21 UTC 2017
Entiros Integrations,Thu Jan 30 19:10:53 UTC 2025
Åre Destination AB,Tue Jan 19 18:26:51 UTC 2016
Svenska Cykelförbundet,Mon Oct 12 09:19:29 UTC 2015
Eurosafe Security Solutions AB,Tue Jul 14 18:28:03 UTC 2015
Nässjö Näringsliv AB,Tue Mar 31 12:20:46 UTC 2015
Skiers Accredited Alpine Citizen,Thu Feb 19 12:50:30 UTC 2015
Belysningsprojektering Tor Olsson,Thu Nov 20 19:47:22 UTC 2014
Cannondale,Thu Jun 27 06:40:13 UTC 2024