Date/Time,Media Description,Media Link
"You uploaded a feed photo on June 5, 2020 at 2:51 PM (GMT)", -,https://media.licdn.com/dms/image/v2/C4D22AQEII8b4cTsb4g/feedshare-shrink_2048_1536/feedshare-shrink_2048_1536/0/1591368667135?e=1761782400&v=beta&t=tkTqZ8uepkuvnewlD55hyeEJ72kmgfQXBN8wTBDa1ME
"You uploaded a feed photo on May 12, 2020 at 8:00 AM (GMT)", -,https://media.licdn.com/dms/image/v2/C4E22AQHIzIz5Wx6xrw/feedshare-shrink_2048_1536/feedshare-shrink_2048_1536/0/1589270457238?e=1761782400&v=beta&t=PW5l6wUrV7sNlIlUndSSEeKiCTVRX5UnW0VS7cM8RR0
"You uploaded a photo on March 17, 2020 at 6:29 AM (GMT)", -,https://media.licdn.com/dms/image/v2/C5122AQGS6dzg8sJJ8w/feedshare-shrink_2048_1536/feedshare-shrink_2048_1536/0/1584426564214?e=1761782400&v=beta&t=K8Y6jI0m0gGaIMcnJ9T1cqIpv9hYdmkhuz-OH_BL0_g
"You uploaded a photo on March 13, 2020 at 5:29 AM (GMT)", -,https://media.licdn.com/dms/image/v2/C5122AQEskHWJ4m8RvQ/feedshare-shrink_2048_1536/feedshare-shrink_2048_1536/0/1584077399354?e=1761782400&v=beta&t=mUQs6nrYHPjn-r2DbsP6QmBpQ5mcv2uO5gLLPxh1EfU
"You uploaded a photo on March 12, 2020 at 8:08 PM (GMT)", -,https://media.licdn.com/dms/image/v2/C5122AQEktQ-X_15WmQ/feedshare-shrink_2048_1536/feedshare-shrink_2048_1536/0/1584043713520?e=1761782400&v=beta&t=EnCxBfiflWaYCCDWSdZJFOdBRUO6jMhbJd3jA565Dew
"You uploaded a photo on March 12, 2020 at 10:23 AM (GMT)", -,https://media.licdn.com/dms/image/v2/C5122AQHxYZQ4GjOhbQ/feedshare-shrink_2048_1536/feedshare-shrink_2048_1536/0/1584008629684?e=1761782400&v=beta&t=XoXT6pvPZWWsX9nLwE6DvbYWxV7GzJQ_MjvqVISnc3g
"You uploaded a feed photo on March 12, 2020 at 9:07 AM (GMT)", -,https://media.licdn.com/dms/image/v2/C4E22AQHX2gJy2Ngrlg/feedshare-shrink_2048_1536/feedshare-shrink_2048_1536/0/1584004030999?e=1761782400&v=beta&t=6S3zufttHWkXa6mOp81WlkHG2GvVZ8mWvw2gICQJYEI
"You uploaded a feed photo on March 6, 2020 at 10:00 AM (GMT)", -,https://media.licdn.com/dms/image/v2/C4E22AQHCdz6cNX6Y6A/feedshare-shrink_2048_1536/feedshare-shrink_2048_1536/0/1583488834506?e=1761782400&v=beta&t=KGeYcHORC2RVs9kefsBUX70ZDIEvbaNUGlmDSqLReMM
"You uploaded a photo on February 16, 2020 at 11:54 PM (GMT)", -,https://media.licdn.com/dms/image/v2/C512DAQFFhEOL3x-8AQ/profile-treasury-image-shrink_8192_8192/profile-treasury-image-shrink_8192_8192/0/1601659456552?e=1759744800&v=beta&t=MbQedDW-ed9BnfKDEvePbmSb0aYh8RAeH2uQ_yynO6Y
"You uploaded a photo on February 16, 2020 at 8:58 AM (GMT)", -,https://media.licdn.com/dms/image/v2/C512DAQE9gb3r7x0V1g/profile-treasury-image-shrink_1920_1920/profile-treasury-image-shrink_1920_1920/0/1599196765774?e=1759744800&v=beta&t=9Hp7knSUl1vFVULfA7URNFQyEHBp_ssLRpXSLN2MUoE
"You uploaded a photo on February 16, 2020 at 5:47 AM (GMT)", -,https://media.licdn.com/dms/image/v2/C512DAQE_S8u_WVD7KA/profile-treasury-image-shrink_8192_8192/profile-treasury-image-shrink_8192_8192/0/1598262573519?e=1759744800&v=beta&t=tQapBztKyu1CBXjWmBJYLirX7jS6Q8ulKgDMPgUqzd8
"You uploaded a photo on February 15, 2020 at 3:00 PM (GMT)", -,https://media.licdn.com/dms/image/v2/C512DAQGIhVqd2rzDqQ/profile-treasury-image-shrink_800_800/profile-treasury-image-shrink_800_800/0/1602377586939?e=1759744800&v=beta&t=TsFLaOM5DSfPH9Y5-MPHqLrv4_GR4EOiEFDklfPro_4
"You uploaded a photo on February 14, 2020 at 12:34 PM (GMT)", -,https://media.licdn.com/dms/image/v2/C512DAQGMOpdDY5HX5A/profile-treasury-image-shrink_8192_8192/profile-treasury-image-shrink_8192_8192/0/1598485558766?e=1759744800&v=beta&t=W--FQ-LqdGCPPg4GaoZnq4uMx0t1hov5COd4lrW1vGA
"You uploaded a photo on February 13, 2020 at 11:06 PM (GMT)", -,https://media.licdn.com/dms/image/v2/C5122AQFI1GHan9o3sQ/feedshare-shrink_2048_1536/feedshare-shrink_2048_1536/0/1581635176599?e=1761782400&v=beta&t=j7rr3T1mO1l7Aaw7WLHFFmGTBlBCpx9aL5Z0hkkbm8w
"You uploaded a photo on February 13, 2020 at 4:11 PM (GMT)", -,https://media.licdn.com/dms/image/v2/C512DAQFrksSQZfT31w/profile-treasury-image-shrink_8192_8192/profile-treasury-image-shrink_8192_8192/0/1598692764510?e=1759744800&v=beta&t=Lj6Utk8TrcXg3zsXSTsdVvUGyCi6vxpHmdQefqcRhec
"You uploaded a photo on February 12, 2020 at 2:02 AM (GMT)", -,https://media.licdn.com/dms/image/v2/C512DAQGrAR2JPLCobA/profile-treasury-image-shrink_8192_8192/profile-treasury-image-shrink_8192_8192/0/1599297735597?e=1759744800&v=beta&t=ACn275faMz1Du1s9oO_926zvSy-ytPacf_E151BPlcY
"You uploaded a photo on February 11, 2020 at 3:51 PM (GMT)", -,https://media.licdn.com/dms/image/v2/C512DAQFx_0ROHcy6ng/profile-treasury-image-shrink_800_800/profile-treasury-image-shrink_800_800/0/1597241576073?e=1759744800&v=beta&t=yoXtDhD2mmZj6n07AgGlD1p-W81XU7bWfLO9E5J7G-Q
"You uploaded a photo on February 10, 2020 at 2:46 AM (GMT)", -,https://media.licdn.com/dms/image/v2/C512DAQHzTV8Nck_7xQ/profile-treasury-image-shrink_1920_1920/profile-treasury-image-shrink_1920_1920/0/1601615603713?e=1759744800&v=beta&t=yoBsEZujeD8iGHwOxZxYjmHiLjmDQEkk1hUksgcuBis
"You uploaded a photo on February 9, 2020 at 10:04 PM (GMT)", -,https://media.licdn.com/dms/image/v2/C512DAQE-_QuqWo_OHg/profile-treasury-image-shrink_8192_8192/profile-treasury-image-shrink_8192_8192/0/1598249917637?e=1759744800&v=beta&t=TznuTwuifFTd6ajcG-ZrNdIVkRS3jnq8EuMJxfElPNw
"You uploaded a photo on February 9, 2020 at 5:51 PM (GMT)", -,https://media.licdn.com/dms/image/v2/C5122AQFOzwcjfbAt3w/feedshare-shrink_2048_1536/feedshare-shrink_2048_1536/0/1581270705297?e=1761782400&v=beta&t=Z7oKjxl_8Z9NLCY_obAN2zOY0YhlpbDXyQOMADBDWgE
"You uploaded a photo on February 9, 2020 at 3:06 AM (GMT)", -,https://media.licdn.com/dms/image/v2/C512DAQFSoJOTxR2XGA/profile-treasury-image-shrink_800_800/profile-treasury-image-shrink_800_800/0/1602494807993?e=1759744800&v=beta&t=V9-JEAxM4hss7NrV9oD9-1MY3alwoiuDCKsfG1tgj1c
"You uploaded a photo on February 9, 2020 at 2:53 AM (GMT)", -,https://media.licdn.com/dms/image/v2/C512DAQERzrJbgGOKdg/profile-treasury-image-shrink_8192_8192/profile-treasury-image-shrink_8192_8192/0/1601725286945?e=1759744800&v=beta&t=pZ-TJbsC4nzbA0LgchBdwnem6tEVHjxLgO18jLz6YFs
"You uploaded a photo on February 9, 2020 at 2:46 AM (GMT)", -,https://media.licdn.com/dms/image/v2/C512DAQHL1gdrZdgMZA/profile-treasury-image-shrink_1920_1920/profile-treasury-image-shrink_1920_1920/0/1601851024854?e=1759744800&v=beta&t=12iUdfpfZ9t_JPhpa77vUP-G452EJZyJPd03F19ckv0
"You uploaded a photo on February 8, 2020 at 5:32 PM (GMT)", -,https://media.licdn.com/dms/image/v2/C512DAQHFB5Gl386bVw/profile-treasury-image-shrink_8192_8192/profile-treasury-image-shrink_8192_8192/0/1597148594640?e=1759744800&v=beta&t=DBsIvY4otICxH-mBsyp3MWEmhKSFiMZQbbzd-dS4GgY
"You uploaded a photo on February 8, 2020 at 11:24 AM (GMT)", -,https://media.licdn.com/dms/image/v2/C512DAQGX2NRxQkwDaA/profile-treasury-image-shrink_8192_8192/profile-treasury-image-shrink_8192_8192/0/1599198263006?e=1759744800&v=beta&t=IzJHVgTQ4CgsKUbQHXRb_Sgg2jvuKc4snAh_St6mut4
"You uploaded a photo on February 7, 2020 at 3:49 AM (GMT)", -,https://media.licdn.com/dms/image/v2/C5122AQHdZ9Kf2_TwaA/feedshare-shrink_2048_1536/feedshare-shrink_2048_1536/0/1581047377280?e=1761782400&v=beta&t=OKVudo_heXBOVZxfxGFxLpfBWRuOVmKuZ7e4FG-OnSw
"You uploaded a photo on January 30, 2020 at 6:33 PM (GMT)", -,https://media.licdn.com/dms/image/v2/C4E2CAQHjoDOhu22pzA/comment-image-shrink_8192_8192/comment-image-shrink_8192_8192/0/1580409198486?e=1759744800&v=beta&t=bpdWsXOd9OMX1xYBFJI1sMH5Ngn5UyEepbNEjrZLELU
"You uploaded a photo on January 23, 2020 at 11:51 AM (GMT)", -,https://media.licdn.com/dms/image/v2/C5122AQF4W_5sbaifng/feedshare-shrink_2048_1536/feedshare-shrink_2048_1536/0/1579780296687?e=1761782400&v=beta&t=k-76zK-pPBPecwL8SRQ0X1B5PWW60I1625e72KEyeuk
"You uploaded a photo on January 23, 2020 at 3:41 AM (GMT)", -,https://media.licdn.com/dms/image/v2/C5122AQFUjjgC22QPkA/feedshare-shrink_2048_1536/feedshare-shrink_2048_1536/0/1579750877993?e=1761782400&v=beta&t=MQOe6bru1-7MG5TRXEa7RvXBpiwcpSb1hjDnuOs8hog
"You uploaded a photo on January 21, 2020 at 3:32 PM (GMT)", -,https://media.licdn.com/dms/image/v2/C5122AQGcNWuuQnsVdg/feedshare-shrink_2048_1536/feedshare-shrink_2048_1536/0/1579620736428?e=1761782400&v=beta&t=Q9PNeo9drUL53zKF9K9Csvvw6Smly4t3k_fI1k4xf9s
"You uploaded a photo on January 16, 2020 at 1:17 PM (GMT)", -,https://media.licdn.com/dms/image/v2/C5122AQEbQSwjrTHtkw/feedshare-shrink_2048_1536/feedshare-shrink_2048_1536/0/1579180636443?e=1761782400&v=beta&t=2mgGMvLlxl5AmQfkACtfTmWVQYf7VvM8ZccXrR2x3vQ
"You uploaded a photo on January 12, 2020 at 12:09 PM (GMT)", -,https://media.licdn.com/dms/image/v2/C5122AQECwEfHJ_hD-g/feedshare-shrink_2048_1536/feedshare-shrink_2048_1536/0/1578830991143?e=1761782400&v=beta&t=_8mHCW3ASrXeS0wGm0onNS5hjwXT55CeJbE5VVj7sw8
"You uploaded a photo on January 9, 2020 at 3:13 PM (GMT)", -,https://media.licdn.com/dms/image/v2/C5122AQH2kF9Cd7UuUQ/feedshare-shrink_2048_1536/feedshare-shrink_2048_1536/0/1578582832630?e=1761782400&v=beta&t=Zr-9cqCA51g-Kw08E35OvKF1o92WLO00-vruQ0aXS2M
"You uploaded a photo on December 30, 2019 at 2:52 PM (GMT)", -,https://media.licdn.com/dms/image/v2/C5122AQEdkd4iRBIDjQ/feedshare-shrink_2048_1536/feedshare-shrink_2048_1536/0/1577717554523?e=1761782400&v=beta&t=6q6UiDYCYvqgwqNxNvvxClhIeIQ92gEVeCvTILCh6fw
"You uploaded a photo on December 20, 2019 at 10:16 AM (GMT)", -,https://media.licdn.com/dms/image/v2/C4E2CAQGZWXzPWXzq1Q/comment-image-shrink_8192_8192/comment-image-shrink_8192_8192/0/1576837010084?e=1759744800&v=beta&t=EBFj7_6nMhwNUXeXelZWVQ33TxiphfjtUCMQErmCdgA
"You uploaded a photo on December 17, 2019 at 5:17 PM (GMT)", -,https://media.licdn.com/dms/image/v2/C4E2CAQFFgTZmqiD7Kw/comment-image-shrink_8192_8192/comment-image-shrink_8192_8192/0/1576603031250?e=1759744800&v=beta&t=fHOWFgqpApvHf9SBPSm-B_x--CRw-TXI36st9xcJAyo
"You uploaded a photo on December 15, 2019 at 9:33 AM (GMT)", -,https://media.licdn.com/dms/image/v2/C5122AQEQCCVR0eV-QA/feedshare-shrink_2048_1536/feedshare-shrink_2048_1536/0/1576402417499?e=1761782400&v=beta&t=hmMNzGKTM7kYQ3wQQ8uT6tCBvMFHARdDh44zi7n6rIo
"You uploaded a photo on October 12, 2019 at 1:27 PM (GMT)", -,https://media.licdn.com/dms/image/v2/C512CAQGHJMY9CbvBaA/comment-image-shrink_8192_800/comment-image-shrink_8192_800/0/1570886860599?e=1759744800&v=beta&t=B2Vbv-EqF9qgCTqYc-UFAZxMH38c2Mdh5qRruNb9UB8
"You uploaded a photo on October 9, 2019 at 5:05 AM (GMT)", -,https://media.licdn.com/dms/image/v2/C512CAQHpMdzSp8xIwA/comment-image-shrink_8192_800/comment-image-shrink_8192_800/0/1570597518566?e=1759744800&v=beta&t=JygY9k-61JWl23ILYjrDzLs2zv2Hw-l6EEkCXMpg3RU
"You uploaded a photo on October 8, 2019 at 5:41 AM (GMT)", -,https://media.licdn.com/dms/image/v2/C512CAQHWNoUxNtT9Sw/comment-image-shrink_8192_800/comment-image-shrink_8192_800/0/1570513303838?e=1759744800&v=beta&t=TojuPxUYU2nj6q0Lw0Ka6cwpV6TBRPZ7qeL_JJEFkW0
"You uploaded a photo on October 5, 2019 at 10:08 AM (GMT)", -,https://media.licdn.com/dms/image/v2/C512CAQFwmarwXC9DqA/comment-image-shrink_8192_800/comment-image-shrink_8192_800/0/1570270132841?e=1759744800&v=beta&t=U6rrdPHSZ0c1QM8fdbWTPjh645BBdIgJdUNgN5ZFCQU
"You uploaded a photo on October 5, 2019 at 4:15 AM (GMT)", -,https://media.licdn.com/dms/image/v2/C512CAQGGAgLJ_k548Q/comment-image-shrink_8192_8192/comment-image-shrink_8192_8192/0/1570248914279?e=1759744800&v=beta&t=q_i-1PbUl1C2FnBpU-503VzC-UGMK8eng2_P-bIi8Rg
"You uploaded a photo on October 5, 2019 at 12:18 AM (GMT)", -,https://media.licdn.com/dms/image/v2/C512CAQH6gAmRulG7hg/comment-image-shrink_8192_8192/comment-image-shrink_8192_8192/0/1570234694368?e=1759744800&v=beta&t=HD_k1MJ-4JYvZixskP4vkV6amIA-mAdRHmxuQTq0Chw
"You uploaded a photo on October 4, 2019 at 9:19 PM (GMT)", -,https://media.licdn.com/dms/image/v2/C512CAQEoclnU11XI-A/comment-image-shrink_8192_800/comment-image-shrink_8192_800/0/1570223948919?e=1759744800&v=beta&t=bTb54SeTyf2s6-q4IQ8nEeRsMxKqpbYpuk3akB6_pzU
"You uploaded a feed photo on September 30, 2019 at 12:03 PM (GMT)", -,https://media.licdn.com/dms/image/v2/C4E22AQG2-xAVbSyhBQ/feedshare-shrink_2048_1536/feedshare-shrink_2048_1536/0/1569845007785?e=1761782400&v=beta&t=ADIR3emFGvxOHLDSSX6Vj3MLMXJldkQqJPFM5WF1UHM
"You uploaded a feed photo on February 26, 2019 at 3:48 PM (GMT)", -,https://media.licdn.com/dms/image/v2/C4E22AQG6bHWM8OXorQ/feedshare-shrink_1280/feedshare-shrink_1280/0/1551196202477?e=1761782400&v=beta&t=56GYbAktlpJt_JuLVIFh-rS9L2Lx9Ea8uwLGCF_yovQ
"You uploaded a feed photo on February 26, 2019 at 3:48 PM (GMT)", -,https://media.licdn.com/dms/image/v2/C4E22AQGAwWJQmJEIDg/feedshare-shrink_1280/feedshare-shrink_1280/0/1551196107644?e=1761782400&v=beta&t=QLf-mgsFiZUsBbma7bcHVQLcgVO4WjQMQKb3nwcah7o
"You uploaded a feed photo on February 26, 2019 at 3:48 PM (GMT)", -,https://media.licdn.com/dms/image/v2/C4E22AQHAQ5pQoqaR7w/feedshare-shrink_1280/feedshare-shrink_1280/0/1551196213704?e=1761782400&v=beta&t=8jQFh3PmsFwIH4sK5zO0AkhlIFvfYjEUYEGS97-G180
"You uploaded a feed photo on February 26, 2019 at 3:48 PM (GMT)", -,https://media.licdn.com/dms/image/v2/C4E22AQE-29JNGJMu4A/feedshare-shrink_1280/feedshare-shrink_1280/0/1551196211666?e=1761782400&v=beta&t=gK6oP7IlHzUCGisG5SJdwhc78IOIT-eUknhCEwJA1SA
"You uploaded a feed photo on February 26, 2019 at 3:48 PM (GMT)", -,https://media.licdn.com/dms/image/v2/C4E22AQGZczOEdiW_1w/feedshare-shrink_1280/feedshare-shrink_1280/0/1551196111418?e=1761782400&v=beta&t=qJtMOzBC0qgObV57a0WkaAzG5GaQc-sm1r2vD7xIbTo
"You uploaded a feed photo on February 26, 2019 at 3:48 PM (GMT)", -,https://media.licdn.com/dms/image/v2/C4E22AQEKtaj9STyvDQ/feedshare-shrink_1280/feedshare-shrink_1280/0/1551196209258?e=1761782400&v=beta&t=lXhqF1AYaPqbpJ01rig462h_gcWI8_K4BVXz3qs-SIU
"You uploaded a feed photo on February 26, 2019 at 3:48 PM (GMT)", -,https://media.licdn.com/dms/image/v2/C4E22AQERmguyN0Gzmw/feedshare-shrink_1280/feedshare-shrink_1280/0/1551196109645?e=1761782400&v=beta&t=kAv4TKVc1EutdZdoQUxjmNBKfheo8EMi-RfguGhZpGk
"You uploaded a feed photo on February 26, 2019 at 3:48 PM (GMT)", -,https://media.licdn.com/dms/image/v2/C4E22AQFeOywq_mGoDQ/feedshare-shrink_20/feedshare-shrink_20/0/1563717340289?e=1761782400&v=beta&t=Z8No-hi3sIBNDoIdWXejtQ6x36dlGxy0G6kXtNdoXXw
